<?xml version="1.0"?>
<items>
  <its:rules xmlns:its="http://www.w3.org/2005/11/its" version="1.0">
    <its:translateRule selector="//item/@name" translate="yes"/>
    <its:translateRule selector="//item/@description" translate="yes"/>
    <its:translateRule selector="//item/@effect" translate="yes"/>
    <its:translateRule selector="//*" translate="no"/>
  </its:rules>
  <item id="5254" image="equipment/chest/saviorarmor.png" name="Savior Armor" description="Made with Zealite, Mylarin and what-else." effect="HP +100" mattack="-90" type="equip-torso" defense="24" weight="2000">
    <sprite gender="unisex">equipment/chest/saviorarmor-male.xml</sprite>
    <sprite gender="female">equipment/chest/saviorarmor-female.xml</sprite>
  </item>
</items>
