<?xml version="1.0"?>
<items>
  <its:rules xmlns:its="http://www.w3.org/2005/11/its" version="1.0">
    <its:translateRule selector="//item/@name" translate="yes"/>
    <its:translateRule selector="//item/@description" translate="yes"/>
    <its:translateRule selector="//item/@effect" translate="yes"/>
    <its:translateRule selector="//*" translate="no"/>
  </its:rules>
  <item id="5262" image="equipment/head/knit-cap.png|W:#ffffff;Y:#5f0b33,91191c,f9ad81;R:#5f0b33,91191c,f9ad81" name="Movie Cap" description="This cap was used as original prop in a variety of films, including very well known titles as 'little red moubooing hood', 'The hunt for red November' and 'Redman and Bobin'." type="equip-head" defense="3" weight="50" sellProtected="true">
    <replace sprite="hair">
      <item from="-6" to="-1"/>
    </replace>
    <replace direction="left" sprite="hair">
      <item from="-14" to="-1"/>
      <item from="-16" to="-9"/>
    </replace>
    <replace direction="right" sprite="hair">
      <item from="-14" to="-1"/>
      <item from="-16" to="-9"/>
    </replace>
    <replace direction="upall" sprite="hair">
      <item from="-15" to="-18"/>
    </replace>
    <replace direction="downall" sprite="hair">
      <item from="-15" to="-9"/>
      <item from="-16" to="-18"/>
    </replace>
    <sprite gender="unisex">equipment/head/knit-cap.xml|#ffffff;#5f0b33,91191c,f9ad81;#5f0b33,91191c,f9ad81</sprite>
    <sprite gender="female">equipment/head/knit-cap-female.xml|#ffffff;#5f0b33,91191c,f9ad81;#5f0b33,91191c,f9ad81</sprite>
  </item>
</items>
